{
	 "metadata": {
        "version": 4.3,
        "type": "Object",
        "generator": "ObjectExporter",
		 "name": "dodecahedron.obj"
		,"transformation": [
			 1
			,0
			,0
			,0
			,0
			,1
			,0
			,0
			,0
			,0
			,1
			,0
			,0
			,0
			,0
			,1
		]
		,"children": [
			{
				 "name": "g Object001"
				,"transformation": [
					 1
					,0
					,0
					,0
					,0
					,1
					,0
					,0
					,0
					,0
					,1
					,0
					,0
					,0
					,0
					,1
				]
				,"meshes": [
					 0
				]
			}
		]
	}
	,"flags": 8
	,"meshes": [
		{
			 "name": ""
			,"materialindex": 0
			,"primitivetypes": 4
			,"vertices": [
				 0.57735
				,-0.57735
				,0.57735
				,0.934172
				,-0.356822
				,0
				,0.934172
				,0.356822
				,0
				,0.356822
				,0
				,0.934172
				,0.57735
				,0.57735
				,0.57735
				,0.356822
				,0
				,-0.934172
				,0.57735
				,0.57735
				,-0.57735
				,0.57735
				,-0.57735
				,-0.57735
				,-0.57735
				,-0.57735
				,-0.57735
				,-0.934172
				,-0.356822
				,0
				,-0.934172
				,0.356822
				,0
				,-0.356822
				,0
				,-0.934172
				,-0.57735
				,0.57735
				,-0.57735
				,-0.356822
				,0
				,0.934172
				,-0.57735
				,0.57735
				,0.57735
				,-0.57735
				,-0.57735
				,0.57735
				,0
				,0.934172
				,-0.356822
				,0
				,0.934172
				,0.356822
				,0
				,-0.934172
				,-0.356822
				,0
				,-0.934172
				,0.356822
			]
			,"normals": [
				 0.724617
				,-0.362309
				,0.586227
				,0.760398
				,-0.649457
				,0
				,0.934172
				,0.356822
				,0
				,0.356822
				,0
				,0.934172
				,0.57735
				,0.57735
				,0.57735
				,0.31535
				,-0.0744441
				,-0.946051
				,0.57735
				,0.57735
				,-0.57735
				,0.724617
				,-0.362309
				,-0.586228
				,-0.544894
				,-0.440828
				,-0.713275
				,-0.760398
				,-0.649457
				,0
				,-0.934172
				,0.356822
				,-7.1336e-09
				,-0.440828
				,0.168381
				,-0.881657
				,-0.57735
				,0.57735
				,-0.57735
				,-0.356822
				,0
				,0.934172
				,-0.57735
				,0.57735
				,0.57735
				,-0.724617
				,-0.362309
				,0.586227
				,-8.71259e-09
				,0.900042
				,-0.435803
				,0
				,0.900042
				,0.435803
				,-9.85839e-09
				,-0.934172
				,-0.356822
				,8.71259e-09
				,-0.900042
				,0.435803
			]
			,"faces": [
				[
					 0
					,1
					,2
				]
				,[
					 3
					,0
					,2
				]
				,[
					 0
					,19
					,1
				]
				,[
					 0
					,3
					,19
				]
				,[
					 1
					,7
					,2
				]
				,[
					 18
					,7
					,1
				]
				,[
					 19
					,18
					,1
				]
				,[
					 19
					,15
					,9
				]
				,[
					 18
					,19
					,9
				]
				,[
					 13
					,15
					,19
				]
				,[
					 3
					,13
					,19
				]
				,[
					 8
					,18
					,9
				]
				,[
					 18
					,8
					,5
				]
				,[
					 7
					,18
					,5
				]
				,[
					 7
					,5
					,2
				]
				,[
					 5
					,6
					,2
				]
				,[
					 8
					,11
					,5
				]
				,[
					 5
					,11
					,16
				]
				,[
					 6
					,5
					,16
				]
				,[
					 8
					,9
					,10
				]
				,[
					 11
					,8
					,10
				]
				,[
					 9
					,15
					,10
				]
				,[
					 15
					,13
					,10
				]
				,[
					 12
					,11
					,10
				]
				,[
					 13
					,14
					,10
				]
				,[
					 16
					,12
					,10
				]
				,[
					 17
					,16
					,10
				]
				,[
					 14
					,17
					,10
				]
				,[
					 11
					,12
					,16
				]
				,[
					 16
					,17
					,2
				]
				,[
					 6
					,16
					,2
				]
				,[
					 17
					,4
					,2
				]
				,[
					 3
					,4
					,17
				]
				,[
					 13
					,3
					,17
				]
				,[
					 14
					,13
					,17
				]
				,[
					 4
					,3
					,2
				]
			]
		}
	]
	,"materials": [
		{
			 "properties": [
				{
					 "key": "?mat.name"
					,"semantic": 0
					,"index": 0
					,"type": 3
					,"value": "DefaultMaterial"
				}
				,{
					 "key": "$mat.shadingm"
					,"semantic": 0
					,"index": 0
					,"type": 4
					,"value": 2
				}
				,{
					 "key": "$clr.ambient"
					,"semantic": 0
					,"index": 0
					,"type": 1
					,"value": [
						 0
						,0
						,0
					]
				}
				,{
					 "key": "$clr.diffuse"
					,"semantic": 0
					,"index": 0
					,"type": 1
					,"value": [
						 0.6
						,0.6
						,0.6
					]
				}
				,{
					 "key": "$clr.specular"
					,"semantic": 0
					,"index": 0
					,"type": 1
					,"value": [
						 0
						,0
						,0
					]
				}
				,{
					 "key": "$clr.emissive"
					,"semantic": 0
					,"index": 0
					,"type": 1
					,"value": [
						 0
						,0
						,0
					]
				}
				,{
					 "key": "$mat.shininess"
					,"semantic": 0
					,"index": 0
					,"type": 1
					,"value": 0
				}
				,{
					 "key": "$mat.opacity"
					,"semantic": 0
					,"index": 0
					,"type": 1
					,"value": 1
				}
				,{
					 "key": "$mat.refracti"
					,"semantic": 0
					,"index": 0
					,"type": 1
					,"value": 1
				}
			]
		}
	]
}
